Model,Test Accuracy,Test Loss
Custom CNN,0.6393205523490906,0.8302326202392578
MobileNetV2,0.5525840520858765,1.0370378494262695
